subject_label,image_outlier_percentage,contrast_name
061,2.6885120702616914,Q01_v_baseline
130,6.041694013197933,Q01_v_baseline
172,0.3440690842989145,Q01_v_baseline
192,0.22831867559257446,Q01_v_baseline
234,1.1093741920343034,Q01_v_baseline
251,1.0286273433491246,Q01_v_baseline
358,0.02744597319841052,Q01_v_baseline
373,3.6670206799441534,Q01_v_baseline
445,3.855164815057895,Q01_v_baseline
465,0.9335608564734709,Q01_v_baseline
483,8.7234440320919,Q01_v_baseline
491,0.7676917141004682,Q01_v_baseline
495,2.4132568028225596,Q01_v_baseline
497,1.9029208084231295,Q01_v_baseline
512,2.228692577256437,Q01_v_baseline
518,0.26849321607140725,Q01_v_baseline
519,0.7422345795396237,Q01_v_baseline
524,0.39816549524070916,Q01_v_baseline
525,0.15035620099998806,Q01_v_baseline
526,0.37469719931743056,Q01_v_baseline
541,0.5174958134946679,Q01_v_baseline
546,3.7966929591134555,Q01_v_baseline
548,0.7641118045528494,Q01_v_baseline
549,2.725902236647932,Q01_v_baseline
553,1.7955235219945664,Q01_v_baseline
554,1.1885299698094294,Q01_v_baseline
555,0.5151092071295887,Q01_v_baseline
556,1.2835964566850833,Q01_v_baseline
557,8.687644936615712,Q01_v_baseline
558,4.186505332076387,Q01_v_baseline
561,3.9581866564838126,Q01_v_baseline
567,2.0353774616850235,Q01_v_baseline
568,0.5274400066824978,Q01_v_baseline
570,1.60181063869564,Q01_v_baseline
572,0.17143789055818745,Q01_v_baseline
573,2.231079183621516,Q01_v_baseline
574,2.149536799481311,Q01_v_baseline
577,0.02824150865343691,Q01_v_baseline
579,3.9005103359943996,Q01_v_baseline
581,0.1165459441613664,Q01_v_baseline
582,0.6268819385607968,Q01_v_baseline
583,0.21041912785448066,Q01_v_baseline
584,1.2995071657856112,Q01_v_baseline
585,1.6324387537141563,Q01_v_baseline
586,3.272435094251063,Q01_v_baseline
587,0.19928163148411115,Q01_v_baseline
588,1.1479576616030835,Q01_v_baseline
589,0.8114461641269197,Q01_v_baseline
590,1.5051530809099334,Q01_v_baseline
591,0.1185347827989324,Q01_v_baseline
592,0.8766800714390839,Q01_v_baseline
593,1.484071391351734,Q01_v_baseline
594,1.0250474338015059,Q01_v_baseline
595,3.9108522969097423,Q01_v_baseline
596,0.13524102735448662,Q01_v_baseline
597,0.048527662756609906,Q01_v_baseline
598,2.870291921735222,Q01_v_baseline
601,1.1547197129708078,Q01_v_baseline
604,0.31145213064283245,Q01_v_baseline
605,0.9729398614972773,Q01_v_baseline
606,1.8631440356718099,Q01_v_baseline
607,0.34844452930155967,Q01_v_baseline
608,0.6153466744629141,Q01_v_baseline
609,2.8066490853331105,Q01_v_baseline
610,0.24780929424072107,Q01_v_baseline
611,0.156322716912686,Q01_v_baseline
612,0.4200427202539349,Q01_v_baseline
613,0.7668961786454418,Q01_v_baseline
614,0.8194015186771837,Q01_v_baseline
616,0.030230347291002893,Q01_v_baseline
617,2.1535144767564427,Q01_v_baseline
619,0.235478494687812,Q01_v_baseline
621,0.6404060412962455,Q01_v_baseline
622,0.26292446788622253,Q01_v_baseline
624,3.057242753666424,Q01_v_baseline
626,0.24263831378304954,Q01_v_baseline
627,0.3989610306957355,Q01_v_baseline
628,1.392584814023699,Q01_v_baseline
629,1.1344335588676349,Q01_v_baseline
631,0.2255343014999821,Q01_v_baseline
633,0.2641177710687621,Q01_v_baseline
634,0.6280752417433364,Q01_v_baseline
635,0.18933743829628127,Q01_v_baseline
636,10.842352716554695,Q01_v_baseline
637,0.5640346376137119,Q01_v_baseline
638,4.4872177340763635,Q01_v_baseline
641,0.49442528529890256,Q01_v_baseline
642,2.417632247825205,Q01_v_baseline
643,0.253775810153419,Q01_v_baseline
645,0.4876632339311782,Q01_v_baseline
646,5.023408630764152,Q01_v_baseline
647,1.7971145929046193,Q01_v_baseline
648,0.07000712004232248,Q01_v_baseline
061,8.497114195136891,Q02_v_baseline
130,0.716777444978779,Q02_v_baseline
172,1.1221027593147257,Q02_v_baseline
192,0.4988007303015477,Q02_v_baseline
234,0.8846354259893477,Q02_v_baseline
251,1.2143848720977872,Q02_v_baseline
358,1.3086558235184147,Q02_v_baseline
373,0.998794763785635,Q02_v_baseline
445,7.476442206338031,Q02_v_baseline
465,1.1260804365898578,Q02_v_baseline
483,4.66979312100492,Q02_v_baseline
491,9.941806581464819,Q02_v_baseline
495,8.879368981277073,Q02_v_baseline
497,10.443789453586472,Q02_v_baseline
512,13.970795893445981,Q02_v_baseline
518,4.544098519110751,Q02_v_baseline
519,0.18058654829099097,Q02_v_baseline
524,0.42481593298409326,Q02_v_baseline
525,1.021069756526374,Q02_v_baseline
526,0.629268544925876,Q02_v_baseline
541,0.12171692461903796,Q02_v_baseline
546,0.6825694204126442,Q02_v_baseline
548,0.23110304968516684,Q02_v_baseline
549,0.8866242646269138,Q02_v_baseline
553,1.280812082592491,Q02_v_baseline
554,0.3341248911110846,Q02_v_baseline
555,0.5457373221481049,Q02_v_baseline
556,0.9777130742274356,Q02_v_baseline
557,1.7796128128940387,Q02_v_baseline
558,0.2147945728571258,Q02_v_baseline
561,1.1586973902459399,Q02_v_baseline
567,0.9224233601031014,Q02_v_baseline
568,5.382195120981054,Q02_v_baseline
570,0.5771609726216473,Q02_v_baseline
572,0.5389752707803805,Q02_v_baseline
573,8.54047087743583,Q02_v_baseline
574,1.6209034896162735,Q02_v_baseline
577,0.022274992740738974,Q02_v_baseline
579,1.692899448296162,Q02_v_baseline
581,0.414076204341237,Q02_v_baseline
582,0.9625979005819342,Q02_v_baseline
583,0.9999880669681745,Q02_v_baseline
584,1.0998277665739868,Q02_v_baseline
585,1.745802556055417,Q02_v_baseline
586,0.9737353969523037,Q02_v_baseline
587,1.39019820765862,Q02_v_baseline
588,0.2458204556031551,Q02_v_baseline
589,0.26928875152643367,Q02_v_baseline
590,0.3325338202010318,Q02_v_baseline
591,0.17462003237829302,Q02_v_baseline
592,0.6404060412962455,Q02_v_baseline
593,2.71198036618497,Q02_v_baseline
594,0.2601400937936301,Q02_v_baseline
595,2.2720492595553754,Q02_v_baseline
596,0.6789895108650255,Q02_v_baseline
597,7.718682752393567,Q02_v_baseline
598,3.1025882746029283,Q02_v_baseline
601,0.7760448363782453,Q02_v_baseline
604,0.7259261027115826,Q02_v_baseline
605,0.02545713456084454,Q02_v_baseline
606,0.14359414963226375,Q02_v_baseline
607,0.023070528195765366,Q02_v_baseline
608,3.7497563672668983,Q02_v_baseline
609,1.1535264097882683,Q02_v_baseline
610,0.060460694582005786,Q02_v_baseline
611,1.1268759720448842,Q02_v_baseline
612,0.3178164142830436,Q02_v_baseline
613,1.6252789346189187,Q02_v_baseline
614,0.6467703249364566,Q02_v_baseline
616,0.16507360691797632,Q02_v_baseline
617,1.039367071991981,Q02_v_baseline
619,0.048527662756609906,Q02_v_baseline
621,0.15075396872750127,Q02_v_baseline
622,0.1471740591798825,Q02_v_baseline
624,0.18376869011109653,Q02_v_baseline
626,0.548123928513184,Q02_v_baseline
627,0.5668190117063042,Q02_v_baseline
628,1.4590120245184026,Q02_v_baseline
629,0.5453395544205917,Q02_v_baseline
631,0.4510686029999642,Q02_v_baseline
633,0.58869623671953,Q02_v_baseline
634,0.9741331646798169,Q02_v_baseline
635,0.8695202523438463,Q02_v_baseline
636,1.61175483188347,Q02_v_baseline
637,0.06602944276719053,Q02_v_baseline
638,4.831684586102791,Q02_v_baseline
641,0.5067560848518117,Q02_v_baseline
642,0.056085249579360626,Q02_v_baseline
643,0.30946329200526645,Q02_v_baseline
645,0.97453093240733,Q02_v_baseline
646,0.38026594750261533,Q02_v_baseline
647,0.6766029044999463,Q02_v_baseline
648,0.07875801004761279,Q02_v_baseline
061,21.715731315855418,Q03_v_baseline
130,1.7720552260712878,Q03_v_baseline
172,0.27048205470897324,Q03_v_baseline
192,3.89931703281186,Q03_v_baseline
234,1.5071419195474995,Q03_v_baseline
251,0.4411244098121343,Q03_v_baseline
358,0.00875089000529031,Q03_v_baseline
373,0.5735810630740286,Q03_v_baseline
445,3.6813403181346285,Q03_v_baseline
465,0.42282709434652727,Q03_v_baseline
483,17.079350683961607,Q03_v_baseline
491,16.7746606046865,Q03_v_baseline
495,17.10560335397748,Q03_v_baseline
497,10.235756932097072,Q03_v_baseline
512,19.40350751582121,Q03_v_baseline
518,0.46300163482536005,Q03_v_baseline
519,0.48289002120101987,Q03_v_baseline
524,1.4538410440607312,Q03_v_baseline
525,0.14876513008993528,Q03_v_baseline
526,1.004761279698333,Q03_v_baseline
541,0.2362740301428384,Q03_v_baseline
546,0.9088992573676528,Q03_v_baseline
548,0.1260923696216831,Q03_v_baseline
549,0.3627641674920347,Q03_v_baseline
553,1.0664152774628783,Q03_v_baseline
554,0.8591782914285032,Q03_v_baseline
555,0.93594746283855,Q03_v_baseline
556,0.25854902288357734,Q03_v_baseline
557,0.44788646117985864,Q03_v_baseline
558,0.07557586822750723,Q03_v_baseline
561,0.022274992740738974,Q03_v_baseline
567,1.2553549480316464,Q03_v_baseline
568,0.2716753578915128,Q03_v_baseline
570,0.6173355131004801,Q03_v_baseline
572,2.2903465750209824,Q03_v_baseline
573,2.456613485121498,Q03_v_baseline
574,0.6439859508438642,Q03_v_baseline
577,0.009944193187829898,Q03_v_baseline
579,0.9248099664681806,Q03_v_baseline
581,4.221111124370036,Q03_v_baseline
582,2.086689498534226,Q03_v_baseline
583,0.351228903394152,Q03_v_baseline
584,1.2458085225713298,Q03_v_baseline
585,0.33213605247351863,Q03_v_baseline
586,0.2816195510793427,Q03_v_baseline
587,1.1515375711507023,Q03_v_baseline
588,2.4331451891982194,Q03_v_baseline
589,0.07398479731745444,Q03_v_baseline
590,0.04972096593914949,Q03_v_baseline
591,0.12251246007406436,Q03_v_baseline
592,1.6614757978226196,Q03_v_baseline
593,1.6264722378014582,Q03_v_baseline
594,0.1077950541560761,Q03_v_baseline
595,1.0775527738332478,Q03_v_baseline
596,1.1559130161533475,Q03_v_baseline
597,0.7513832372724272,Q03_v_baseline
598,1.1260804365898578,Q03_v_baseline
601,0.8313345505025795,Q03_v_baseline
604,1.2645036057644499,Q03_v_baseline
605,1.6002195677855873,Q03_v_baseline
606,0.10023746733332538,Q03_v_baseline
607,1.8599618938517042,Q03_v_baseline
608,0.489254304841231,Q03_v_baseline
609,1.2414330775686846,Q03_v_baseline
610,0.16109592964284436,Q03_v_baseline
611,4.248954865295959,Q03_v_baseline
612,1.5310079831982912,Q03_v_baseline
613,0.7096176258835416,Q03_v_baseline
614,0.33770480065870334,Q03_v_baseline
616,0.21439680512961262,Q03_v_baseline
617,0.28798383471955386,Q03_v_baseline
619,0.07438256504496764,Q03_v_baseline
621,0.2935525829047386,Q03_v_baseline
622,0.08392899050528435,Q03_v_baseline
624,0.3202030206481227,Q03_v_baseline
626,0.11694371188887961,Q03_v_baseline
627,1.2088161239126025,Q03_v_baseline
628,0.37111728976981184,Q03_v_baseline
629,0.10938612506612888,Q03_v_baseline
631,0.09625979005819342,Q03_v_baseline
633,0.416065042978803,Q03_v_baseline
634,1.871497157949587,Q03_v_baseline
635,1.260525928489318,Q03_v_baseline
636,2.3130193354892343,Q03_v_baseline
637,0.16308476828041032,Q03_v_baseline
638,4.377831609010235,Q03_v_baseline
641,1.3492281317247607,Q03_v_baseline
642,0.08392899050528435,Q03_v_baseline
643,0.09904416415078579,Q03_v_baseline
645,0.862758200976122,Q03_v_baseline
646,0.3985632629682223,Q03_v_baseline
647,0.5242578648623922,Q03_v_baseline
648,0.10580621551851012,Q03_v_baseline
